{"cameraMode":{"drawMode":0,"name":"Shaded","section":"Shading Mode"},"sceneLighting":false,"audioPlay":false,"sceneViewState":{"showFog":true,"showMaterialUpdate":false,"showSkybox":false,"showFlares":true,"showImageEffects":true,"showParticleSystems":true},"in2DMode":false,"pivot":{"x":-8.130000114440918,"y":1.3600001335144044,"z":-3.280231475830078},"rotation":{"x":0.028502332046628,"y":-0.9671223163604736,"z":0.21921227872371674,"w":0.12574636936187745},"size":3.7416584491729738,"orthographic":false}