{"cameraMode":{"drawMode":0,"name":"Shaded","section":"Shading Mode"},"sceneLighting":false,"audioPlay":false,"sceneViewState":{"showFog":true,"showMaterialUpdate":false,"showSkybox":false,"showFlares":true,"showImageEffects":true,"showParticleSystems":true},"in2DMode":false,"pivot":{"x":-6.823453426361084,"y":0.2716846466064453,"z":0.28643798828125},"rotation":{"x":0.22892582416534425,"y":0.08601865917444229,"z":-0.02031298540532589,"w":0.9694232940673828},"size":50.40585708618164,"orthographic":false}